cep,uf,cidade,latitude,longitude
69540000,AM,Alvarães,-3.2155787,-64.8148327
69620000,AM,Amaturá,-3.3640509,-68.1994689
69445000,AM,Anamã,-3.5797356,-61.4049996
69440000,AM,Anori,-3.7435254,-61.6605203
69265000,AM,Apuí,-7.1940195,-59.8830192
69650000,AM,Atalaia do Norte,-4.3658547,-70.1908742
69240000,AM,Autazes,-3.5833283,-59.1301518
69700000,AM,Barcelos,41.5314496,-8.6192306
69160000,AM,Barreirinha,-2.798863,-57.067897
69630000,AM,Benjamin Constant,-4.3782748,-70.0290603
69430000,AM,Beruri,-3.9007135,-61.3717319
69195000,AM,Boa Vista do Ramos,-2.9716927,-57.5869819
69850000,AM,Boca do Acre,-8.7553487,-67.3930873
69200000,AM,Borba,38.8057942,-7.4542105
69425000,AM,Caapiranga,-3.3188884,-61.2096404
69820000,AM,Canutama,-6.5330019,-64.3834966
69500000,AM,Carauari,-4.8766426,-66.8961433
69250000,AM,Careiro,-3.8185277,-60.3616505
69255000,AM,Careiro da Várzea,-3.197024,-59.8259104
69460000,AM,Coari,-4.0885957,-63.1431166
69450000,AM,Codajás,-3.8413202,-62.0603444
69880000,AM,Eirunepé,-6.6567654,-69.866161
69870000,AM,Envira,-7.437889,-70.028143
69670000,AM,Fonte Boa,-2.5147464,-66.0948424
69895000,AM,Guajará,-7.5455927,-72.5832769
69800000,AM,Humaitá,-27.5660564,-53.9719817
69890000,AM,Ipixuna,-7.0502834,-71.691232
69415000,AM,Iranduba,-3.2758203,-60.1867429
69100134,,,,
69109899,,,,
69100087,,,,
69100084,,,,
69104015,AM,Itacoatiara,-3.1425753,-58.4478262
69100152,AM,Itacoatiara,-3.1451027,-58.4522068
69104320,AM,Itacoatiara,-3.146409,-58.4432449
69101071,AM,Itacoatiara,-3.1368154,-58.440804
69101488,,,,
69100066,AM,Itacoatiara,-3.1412,-58.4464349
69100081,AM,Itacoatiara,-3.1446898,-58.439679
69100003,AM,Itacoatiara,-3.1412,-58.4464349
69101074,AM,Itacoatiara,-3.1388012,-58.4452877
69104160,AM,Itacoatiara,-3.1462533,-58.4485698
69100042,AM,Itacoatiara,-3.1487823,-58.4456035
69100045,AM,Itacoatiara,-3.1483331,-58.4446353
69103060,AM,Itacoatiara,-3.1126265,-58.4250029
69101416,AM,Itacoatiara,-3.1126265,-58.4250029
69101360,AM,Itacoatiara,-3.1268447,-58.4369814
69101020,AM,Itacoatiara,-3.1368154,-58.440804
69100018,AM,Itacoatiara,-3.1303382,-58.4236236
69104086,AM,Itacoatiara,-3.1425753,-58.4478262
69100063,AM,Itacoatiara,-3.1412,-58.4464349
69100161,AM,Itacoatiara,-3.1388003,-58.458348
69101257,AM,Itacoatiara,-3.1349929,-58.4394935
69101146,,,,
69101251,AM,Itacoatiara,-3.1368154,-58.440804
69104124,AM,Itacoatiara,-3.1438881,-58.4390587
69100006,AM,Itacoatiara,-3.1412,-58.4464349
69101603,AM,Itacoatiara,-3.1126265,-58.4250029
69510970,AM,Itamarati,-6.4400924,-68.2446338
69510000,AM,Itamarati,-6.4385189,-68.2437385
69120000,AM,Itapiranga,-27.1724236,-53.7118989
69495000,AM,Japurá,-23.469273,-52.55572
69520000,AM,Juruá,-3.4746666,-66.0622335
69660000,AM,Jutaí,-2.7471478,-66.7721255
69830000,AM,Lábrea,-7.2613683,-64.7924505
69409899,,,,
69400256,AM,Manacapuru,-3.3014011,-60.6217963
69400338,,,,
69400236,AM,Manacapuru,-3.2996165,-60.6176818
69400970,,,,
69400448,AM,Manacapuru,-3.2940134,-60.6237909
69400248,AM,Manacapuru,-3.3021721,-60.6221068
69400389,,,,
69400758,AM,Manacapuru,-3.2913759,-60.6284071
69401284,AM,Manacapuru,-3.2976494,-60.4437522
69401830,AM,Manacapuru,-3.2799322,-60.6460049
69400619,AM,Manacapuru,-3.287682,-60.6215417
69400122,,,,
69400797,AM,Manacapuru,-3.2936873,-60.6314367
69400030,,,,
69400244,AM,Manacapuru,-3.2956891,-60.6174056
69400434,AM,Manacapuru,-3.2957718,-60.6232998
69414200,AM,Manacapuru,-3.2996768,-60.6213528
69414400,AM,Manacapuru,-3.2996768,-60.6213528
69400812,AM,Manacapuru,-3.2828859,-60.6287051
69402081,AM,Manacapuru,-3.2810888,-60.6378626
69401113,AM,Manacapuru,-3.2820393,-60.6312882
69400276,AM,Manacapuru,-3.2982583,-60.6264541
69401802,AM,Manacapuru,-3.2796357,-60.6487069
69400809,,,,
69400254,AM,Manacapuru,-3.3014011,-60.6217963
69435000,AM,Manaquiri,-3.4305885,-60.4593078
69050010,AM,Manaus,-3.0934967,-60.0240974
69075830,AM,Manaus,-3.1287356,-59.96505
69099028,AM,Manaus,-3.0294622,-59.9625329
69020011,AM,Manaus,-3.1326645,-60.0205917
69073180,AM,Manaus,-3.1295166,-59.9895301
69053700,AM,Manaus,-3.1045605,-60.0162292
69053355,AM,Manaus,-3.0934967,-60.0240974
69053130,AM,Manaus,-3.0672233,-60.0111581
69050140,AM,Manaus,-3.0925975,-60.0256017
69025010,AM,Manaus,-3.1211433,-60.0251638
69065011,AM,Manaus,-3.1265239,-60.0077204
69057015,AM,Manaus,-3.107352,-60.0101752
69044800,AM,Manaus,-3.0711603,-60.0601212
69041410,AM,Manaus,-3.0015757,-60.0457385
69060095,AM,Manaus,-3.0934429,-59.995548
69043000,AM,Manaus,-3.0700577,-60.0556873
69020010,AM,Manaus,-3.1326645,-60.0205917
69058030,AM,Manaus,-3.0636001,-60.0066765
69059664,AM,Manaus,-2.9769077,-60.0064184
69049110,AM,Manaus,-3.0534013,-60.0291886
69057040,AM,Manaus,-3.1077535,-60.0144952
69057000,AM,Manaus,-3.0890176,-60.0172734
69057025,AM,Manaus,-3.1050842,-60.0058967
69065130,AM,Manaus,-3.1201373,-60.0032588
69055250,AM,Manaus,-3.0859852,-60.0142155
69041105,AM,Manaus,-3.0364502,-60.0247194
69050001,AM,Manaus,-3.1251325,-60.0267682
69053070,AM,Manaus,-3.0765221,-59.8847567
69053570,AM,Manaus,-3.1546155,-59.9828834
69079210,AM,Manaus,-3.10812,-60.007527
69054724,AM,Manaus,-3.0705505,-60.0013415
69005000,AM,Manaus,-3.1355961,-60.0239802
69057088,AM,Manaus,-3.0913009,-60.0070362
69050902,AM,Manaus,-3.0943423,-60.0232685
69077738,AM,Manaus,-3.1068805,-59.967664
69057060,AM,Manaus,-3.1025332,-60.0063476
69020040,AM,Manaus,-3.1290397,-60.0154887
69053138,AM,Manaus,-3.1123158,-60.0133524
69053140,AM,Manaus,-3.1068015,-60.0236201
69085000,AM,Manaus,-3.0607187,-59.9496382
69010425,AM,Manaus,-3.1283232,-60.009853
69050970,AM,Manaus,-3.0934967,-60.0240974
69050000,AM,Manaus,-3.1251325,-60.0267682
69040270,AM,Manaus,-3.0968788,-60.0463883
69058330,AM,Manaus,-3.0659248,-60.0136466
69088181,AM,Manaus,-3.0351482,-59.9333413
69088480,AM,Manaus,-3.0351482,-59.9333413
69097235,AM,Manaus,-3.0079837,-59.9816419
69050055,AM,Manaus,-3.0904515,-60.0383093
69053020,AM,Manaus,-3.1050337,-60.0223741
69010420,AM,Manaus,-3.1324622,-60.024117
69095000,AM,Manaus,-3.0320752,-59.9851157
69057240,AM,Manaus,-3.0960804,-60.0156551
69053358,AM,Manaus,-3.1068015,-60.0236201
69048990,AM,Manaus,-2.9671091,-60.0197689
69053257,AM,Manaus,-3.0934967,-60.0240974
69010110,AM,Manaus,-3.1288897,-60.024927
69042470,AM,Manaus,-3.0839887,-60.0485871
69055420,AM,Manaus,-3.0812332,-60.0114525
69057002,AM,Manaus,-3.0890176,-60.0172734
69053030,AM,Manaus,-3.0998061,-60.0200252
69087215,AM,Manaus,-3.0607187,-59.9496382
69010070,AM,Manaus,-3.1306342,-60.0258354
69020030,AM,Manaus,-3.1378546,-60.0204592
69060020,AM,Manaus,-3.0895998,-60.0091061
69028220,AM,Manaus,-3.0510987,-60.0057809
69067110,AM,Manaus,-3.0307443,-60.0930072
69040330,AM,Manaus,-2.9927128,-60.0097749
69029040,AM,Manaus,-3.1127045,-60.0385084
69096060,AM,Manaus,-3.0314114,-59.9721612
69053000,AM,Manaus,-3.0934967,-60.0240974
69065280,AM,Manaus,-3.1279462,-60.0063246
69020405,AM,Manaus,-3.1188528,-60.0167011
69079260,AM,Manaus,-3.1115578,-60.0056632
69019410,AM,Manaus,-2.9389853,-60.0338319
69049090,AM,Manaus,-3.0557556,-60.0255557
69027034,AM,Manaus,-3.1471066,-60.0001196
69065100,AM,Manaus,-3.1273159,-60.0030597
69093415,AM,Manaus,-3.0061684,-60.032758
69068130,AM,Manaus,-3.1270864,-59.9972639
69040000,AM,Manaus,-3.0857854,-60.0336599
69020120,AM,Manaus,-3.1347364,-60.0083489
69025005,AM,Manaus,-3.1174546,-60.0175686
69065030,AM,Manaus,-3.1253033,-60.0047219
69010100,AM,Manaus,-3.1320645,-60.0278661
69060085,AM,Manaus,-3.0911604,-59.9992502
69020015,AM,Manaus,-3.1245303,-60.0187198
69053100,AM,Manaus,-3.0634377,-59.9656039
69025315,AM,Manaus,-3.1251325,-60.0267682
69001009,,,,
69073177,AM,Manaus,-3.0941855,-59.9872478
69025040,AM,Manaus,-3.123255,-60.0149366
69007002,AM,Manaus,-3.0837501,-59.9185032
69080271,AM,Manaus,-3.0898506,-59.9840539
69041025,AM,Manaus,-3.0061684,-60.032758
69053540,AM,Manaus,-3.0934967,-60.0240974
69057603,AM,Manaus,-3.1011636,-60.0104738
69053400,AM,Manaus,-3.114041,-60.0217994
69057250,AM,Manaus,-3.0270808,-59.9357717
69050605,AM,Manaus,-3.1251325,-60.0267682
69085020,AM,Manaus,-3.0719089,-59.9508904
69055240,AM,Manaus,-3.0291668,-59.9397053
69094130,AM,Manaus,-3.0415466,-59.9826635
69036725,AM,Manaus,-3.0854046,-60.0730793
69054650,AM,Manaus,-3.074819,-60.0036411
69077292,AM,Manaus,-3.1133992,-59.9832076
69046020,AM,Manaus,-3.0629998,-60.0393111
69048120,AM,Manaus,-3.054359,-60.0321502
69077778,AM,Manaus,-3.0539001,-59.9493381
69008110,AM,Manaus,-3.1326645,-60.0205917
69030500,AM,Manaus,-3.1054589,-60.0556558
69042010,AM,Manaus,-3.0786407,-60.0412163
69070100,AM,Manaus,-3.1433784,-60.0135738
69010030,AM,Manaus,-0.9718255,-62.9292981
69090388,AM,Manaus,-3.0371199,-59.9998377
69089130,AM,Manaus,-3.0908746,-59.9443101
69045040,AM,Manaus,-3.0710944,-60.0526623
69047428,AM,Manaus,-3.1047861,-59.9845211
69083000,AM,Manaus,-3.09585,-59.9062674
69097720,AM,Manaus,-3.0294622,-59.9625329
69070620,AM,Manaus,-3.1479769,-60.0004875
69053180,AM,Manaus,-3.106887,-60.0198562
69036110,AM,Manaus,-3.1127045,-60.0385084
69040010,AM,Manaus,-3.0836463,-60.0438891
69079015,AM,Manaus,-3.10726,-60.0513145
69096000,AM,Manaus,-3.0320752,-59.9851157
69035366,AM,Manaus,-3.1044507,-60.0649929
69073150,AM,Manaus,-3.0081606,-60.0143852
69073169,AM,Manaus,-3.1384942,-59.9869637
69078480,AM,Manaus,-3.1166529,-59.9888021
69039540,AM,Manaus,-3.0272529,-60.0079115
69036100,AM,Manaus,-3.1012981,-60.0568345
69086010,AM,Manaus,-3.0615531,-59.9511953
69065150,AM,Manaus,-3.12187,-60.023855
69073060,AM,Manaus,-3.132915,-59.9964857
69009300,AM,Manaus,-3.0636551,-59.873952
69043600,AM,Manaus,-3.1120481,-60.0575519
69027615,AM,Manaus,-3.1210493,-60.0370707
69049100,AM,Manaus,-3.056901,-60.0332054
69074000,AM,Manaus,-3.147864,-59.9895895
69074725,AM,Manaus,-3.1393052,-60.0039109
69063010,AM,Manaus,-3.111277,-59.9951387
69054501,AM,Manaus,-3.0753282,-60.0140167
69093000,AM,Manaus,-3.0356843,-60.0012749
69057001,AM,Manaus,-3.0890176,-60.0172734
69088000,AM,Manaus,-3.0351482,-59.9333413
69075771,AM,Manaus,-3.1236743,-59.9426436
69070730,AM,Manaus,-3.1404233,-60.0145917
69084120,AM,Manaus,-3.0071385,-60.0091319
69088058,AM,Manaus,-3.0267997,-59.9225372
69059500,AM,Manaus,-2.990228,-60.0143196
69033410,AM,Manaus,-3.1107568,-60.0333092
69084425,AM,Manaus,-3.09585,-59.9062674
69020170,AM,Manaus,-2.9918568,-60.0711212
69036630,AM,Manaus,-3.0992654,-60.0533893
69079440,AM,Manaus,-3.1124768,-60.004842
69095285,AM,Manaus,-3.0251577,-59.9722466
69096145,AM,Manaus,-3.0315264,-59.9698474
69095619,AM,Manaus,-3.0320752,-59.9851157
69028120,AM,Manaus,-3.0446434,-59.9951501
69095415,AM,Manaus,-3.0320752,-59.9851157
69093240,AM,Manaus,-3.0356843,-60.0012749
69093751,AM,Manaus,-3.0356843,-60.0012749
69093099,AM,Manaus,-3.0356843,-60.0012749
69093513,AM,Manaus,-3.0202705,-59.9920705
69093115,AM,Manaus,-2.9995788,-59.9980429
69093833,AM,Manaus,-3.0109563,-59.994019
69059260,AM,Manaus,-2.9885948,-60.0153128
69023000,AM,Manaus,-2.9763567,-60.0256045
69053060,AM,Manaus,-3.1133084,-60.0285169
69093437,AM,Manaus,-3.0210849,-60.0081635
69093161,AM,Manaus,-3.0359824,-60.0123171
69097780,AM,Manaus,-3.0158908,-59.9676178
69090795,AM,Manaus,-3.0320752,-59.9851157
69097242,AM,Manaus,-3.013126,-59.9794806
69028326,AM,Manaus,-3.057793,-60.018014
69005015,AM,Manaus,-3.1381188,-60.016216
69068070,AM,Manaus,-3.1176148,-59.9835439
69073480,AM,Manaus,-3.1284974,-59.9863223
69065140,AM,Manaus,-3.1279346,-60.0090507
69079250,AM,Manaus,-3.1092101,-60.0039175
69060010,AM,Manaus,-3.0985434,-59.9981136
69060050,AM,Manaus,-3.1050842,-60.0058967
69025350,AM,Manaus,-3.1177184,-60.030675
69010430,AM,Manaus,-3.130519,-60.0307118
69020150,AM,Manaus,-3.1323379,-59.9896732
69020245,AM,Manaus,-3.1290397,-60.0154887
69070490,AM,Manaus,-3.1390161,-60.0091508
69070410,AM,Manaus,-3.1430951,-60.0082599
69078412,AM,Manaus,-3.1176148,-59.9835439
69067475,AM,Manaus,-3.0558906,-60.0433417
69067470,AM,Manaus,-3.1060919,-59.9966812
69035550,AM,Manaus,-3.1067328,-60.0621359
69099562,AM,Manaus,-3.0124571,-59.9566169
69037000,AM,Manaus,-3.0854046,-60.0730793
69087689,AM,Manaus,-3.0609235,-59.9331235
69086650,AM,Manaus,-3.0634662,-59.9555712
69099107,AM,Manaus,-3.0452708,-59.9448912
69095440,AM,Manaus,-3.0261653,-59.9827058
69027540,AM,Manaus,-3.0931342,-60.0683666
69084621,AM,Manaus,-3.0822572,-59.9401092
69009085,AM,Manaus,-3.0271126,-59.9727161
69080710,AM,Manaus,-3.0924943,-59.9842737
69080215,AM,Manaus,-3.054239,-60.057218
69080300,AM,Manaus,-3.0937703,-59.9841531
69082370,AM,Manaus,-3.0876937,-59.9785365
69085288,AM,Manaus,-3.0688398,-59.9677188
69098225,AM,Manaus,-3.0507983,-59.951624
69099260,AM,Manaus,-3.0409089,-59.9539063
69099312,AM,Manaus,-3.018968,-59.9437361
69099297,AM,Manaus,-3.0452708,-59.9448912
69093280,AM,Manaus,-3.0281652,-60.0031828
69082645,AM,Manaus,-3.0028199,-60.0373119
69075721,AM,Manaus,-3.0457286,-59.933168
69086485,AM,Manaus,-3.0706261,-59.9262415
69088716,AM,Manaus,-3.0521737,-59.9212608
69099265,AM,Manaus,-3.0452708,-59.9448912
69099445,AM,Manaus,-3.0157218,-59.9524765
69099181,AM,Manaus,-3.0452708,-59.9448912
69099009,AM,Manaus,-3.0282438,-59.9527566
69099015,AM,Manaus,-3.0439794,-59.9447303
69087082,,,,
69098298,AM,Manaus,-3.0564775,-59.9606917
69088301,AM,Manaus,-3.1178145,-60.0041011
69087032,AM,Manaus,-3.0580814,-59.9431926
69087500,,,,
69084050,AM,Manaus,-3.0071385,-60.0091319
69087058,AM,Manaus,-3.0456776,-59.9296213
69086390,AM,Manaus,-3.0692938,-59.9529217
69089247,AM,Manaus,-3.0949356,-59.942963
69089070,AM,Manaus,-3.0899234,-59.9391544
69085010,AM,Manaus,-3.0704203,-59.9496755
69030510,AM,Manaus,-3.1079608,-60.0448699
69001019,,,,
69008030,AM,Manaus,-3.083589,-59.8955845
69073524,AM,Manaus,-3.0941855,-59.9872478
69008320,AM,Manaus,-3.0875233,-59.8826943
69075240,AM,Manaus,-3.1287356,-59.96505
69088765,AM,Manaus,-3.035474,-59.9338999
69021625,,,,
69030032,AM,Manaus,-3.1007423,-60.0537522
69030095,AM,Manaus,-3.1007423,-60.0537522
69035274,,,,
69033210,AM,Manaus,-3.1043472,-60.0296862
69033660,AM,Manaus,-3.1128725,-60.0396781
69029550,AM,Manaus,-3.0021289,-60.0148294
69043371,AM,Manaus,-3.1082183,-60.0372481
69042690,AM,Manaus,-3.0808326,-60.0576662
69048382,AM,Manaus,-3.0639768,-60.0316974
69047501,AM,Manaus,-3.0559824,-60.0423868
69043154,AM,Manaus,-3.079762,-60.0440259
69037545,AM,Manaus,-3.0810928,-60.0600291
69037530,AM,Manaus,-3.0854046,-60.0730793
69035320,,,,
69035801,AM,Manaus,-3.0993366,-60.0680226
69025260,AM,Manaus,-2.9552889,-60.0330583
69068270,AM,Manaus,-3.1176148,-59.9835439
69077150,AM,Manaus,-3.0941855,-59.9872478
69076790,AM,Manaus,-3.1175675,-59.9796894
69063430,AM,Manaus,-3.1182838,-59.995418
69063590,AM,Manaus,-3.1183275,-59.9948187
69028060,AM,Manaus,-3.0488362,-60.0022951
69048992,AM,Manaus,-2.9389853,-60.0338319
69020070,AM,Manaus,-3.126926,-60.0094281
69063460,AM,Manaus,-3.1225816,-59.9942424
69020141,AM,Manaus,-3.1264082,-60.0117977
69077000,AM,Manaus,-3.0941855,-59.9872478
69070530,AM,Manaus,-3.086904,-59.9786625
69055000,AM,Manaus,-3.0291668,-59.9397053
69053415,AM,Manaus,-3.0934967,-60.0240974
69036031,AM,Manaus,-3.0992654,-60.0533893
69035420,,,,
69067250,AM,Manaus,-3.1004354,-59.9917362
69092500,AM,Manaus,-3.0047014,-60.0025089
69088464,AM,Manaus,-3.0338668,-59.9204304
69084160,AM,Manaus,-3.0818073,-59.9450759
69093645,AM,Manaus,-3.0356843,-60.0012749
69054700,AM,Manaus,-3.0614638,-60.0009621
69075351,AM,Manaus,-3.1331774,-59.9744112
69010001,AM,Manaus,-3.1324622,-60.024117
69020545,AM,Manaus,-3.116667,-60.019335
69080030,AM,Manaus,-3.0937703,-59.9841531
69020031,AM,Manaus,-3.1378546,-60.0204592
69079265,AM,Manaus,-3.114829,-60.0106346
69010300,AM,Manaus,-3.129236,-60.0305039
69025050,AM,Manaus,-3.1171578,-60.0087324
69008000,AM,Manaus,-3.1326645,-60.0205917
69053750,AM,Manaus,-3.0934967,-60.0240974
69040240,AM,Manaus,-3.0937774,-60.0383527
69093018,AM,Manaus,-3.0061684,-60.032758
69042390,AM,Manaus,-3.0808326,-60.0576662
69053135,AM,Manaus,-3.1132359,-60.0163801
69010150,AM,Manaus,-3.0107353,-60.0135806
69053120,AM,Manaus,-3.0934967,-60.0240974
69079000,AM,Manaus,-3.1201373,-60.0032588
69010305,AM,Manaus,-3.1320645,-60.0278661
69010200,AM,Manaus,-3.1329428,-60.0264107
69010090,AM,Manaus,-3.1316609,-60.0265594
69057077,AM,Manaus,-3.0890176,-60.0172734
69010140,AM,Manaus,-3.1211433,-60.0251638
69057080,AM,Manaus,-2.9977785,-60.0177213
69025140,AM,Manaus,-3.1180204,-60.0226559
69053530,AM,Manaus,-3.1051064,-60.0236716
69020220,AM,Manaus,-3.1323008,-60.0183634
69010080,AM,Manaus,-3.1315635,-60.021966
69020080,AM,Manaus,-3.1283232,-60.009853
69099068,AM,Manaus,-3.0452708,-59.9448912
69020140,AM,Manaus,-3.1264082,-60.0117977
69020282,AM,Manaus,-3.123255,-60.0149366
69042360,AM,Manaus,-3.0700577,-60.0556873
69038015,AM,Manaus,-3.0854046,-60.0730793
69097484,AM,Manaus,-3.0027734,-59.9821647
69075020,AM,Manaus,-3.1331437,-59.9828215
69082230,AM,Manaus,-3.09585,-59.9062674
69050380,AM,Manaus,-3.0890947,-60.0226052
69095010,AM,Manaus,-3.0295867,-59.9821066
69054040,AM,Manaus,-3.0614638,-60.0009621
69055747,AM,Manaus,-3.0832679,-60.0157438
69053165,AM,Manaus,-3.0890176,-60.0172734
69020560,AM,Manaus,-3.1196579,-60.0207645
69097305,AM,Manaus,-3.0048128,-59.9769305
69005160,AM,Manaus,-3.1324622,-60.024117
69054672,AM,Manaus,-3.0702293,-59.9938003
69073282,AM,Manaus,-3.0941855,-59.9872478
69057050,AM,Manaus,-3.0895998,-60.0091061
69050085,AM,Manaus,-3.0857854,-60.0336599
69065000,AM,Manaus,-3.1279462,-60.0063246
69070250,AM,Manaus,-3.1396095,-60.0082187
69060808,AM,Manaus,-3.0873646,-59.9987405
69044680,AM,Manaus,-3.0582342,-60.0590417
69058830,AM,Manaus,-3.0061684,-60.032758
69010230,AM,Manaus,-3.1321853,-60.0222525
69057084,AM,Manaus,-3.0930134,-60.0055188
69055035,AM,Manaus,-3.0934655,-60.0320167
69082701,AM,Manaus,-3.0856895,-59.9730131
69088245,AM,Manaus,-3.0607187,-59.9496382
69008080,AM,Manaus,-3.1067869,-60.0529068
69075200,AM,Manaus,-3.1052028,-59.973668
69055713,AM,Manaus,-3.0913944,-60.0100603
69010040,AM,Manaus,-3.1331032,-60.0253931
69025000,AM,Manaus,-3.1189106,-60.023688
69010125,AM,Manaus,-3.1166169,-60.013092
69029000,AM,Manaus,-3.1160994,-60.0385251
69010170,AM,Manaus,-3.126926,-60.0094281
69053110,AM,Manaus,-3.0098213,-60.0091105
69010220,AM,Manaus,-3.0736167,-59.9456273
69093132,AM,Manaus,-2.9998872,-59.9915662
69025020,AM,Manaus,-3.12187,-60.023855
69020210,AM,Manaus,-3.1152578,-60.0310845
69097000,AM,Manaus,-3.0271161,-59.9599633
69010000,AM,Manaus,-3.1324622,-60.024117
69020130,AM,Manaus,-3.1166169,-60.013092
69070000,AM,Manaus,-3.1404233,-60.0145917
69005141,AM,Manaus,-3.1347364,-60.0083489
69053730,AM,Manaus,-3.104977,-60.0167431
69058448,AM,Manaus,-3.05467,-60.011995
69043130,AM,Manaus,-3.0781375,-60.0406019
69057090,AM,Manaus,-3.109308,-60.0117233
69010902,AM,Manaus,-3.1324622,-60.024117
69099899,AM,Manaus,-3.0452708,-59.9448912
69065001,AM,Manaus,-3.1279462,-60.0063246
69067290,AM,Manaus,-3.1031,-59.9898852
69060062,AM,Manaus,-3.0926388,-59.9920098
69077220,AM,Manaus,-3.1151899,-59.9844116
69055038,AM,Manaus,-3.0934967,-60.0240974
69010050,AM,Manaus,-3.0801099,-59.8801581
69057030,AM,Manaus,-3.10726,-60.0513145
69033090,AM,Manaus,-3.0967785,-60.0495059
69097220,AM,Manaus,-3.0205445,-59.9611219
69010010,AM,Manaus,-3.1341209,-60.0253481
69015330,AM,Manaus,-3.0090532,-60.0280232
69058450,AM,Manaus,-3.065437,-60.0122923
69044802,AM,Manaus,-3.0704086,-60.0694349
69065010,AM,Manaus,-3.1265239,-60.0077204
69010120,AM,Manaus,-3.1283232,-60.009853
69046000,AM,Manaus,-3.0653903,-60.0354312
69055972,AM,Manaus,-3.0291668,-59.9397053
69053050,AM,Manaus,-3.0106709,-60.0122384
69057067,AM,Manaus,-3.0894913,-60.0038286
69063125,AM,Manaus,-3.1068728,-60.0018829
69057810,AM,Manaus,-3.0925975,-60.0256017
69098000,AM,Manaus,-3.0457915,-59.9697203
69099031,AM,Manaus,-3.0294622,-59.9625329
69090070,AM,Manaus,-3.0343277,-59.9898525
69095740,AM,Manaus,-3.0189928,-59.9831797
69085972,AM,Manaus,-3.0607187,-59.9496382
69041330,AM,Manaus,-3.0077447,-60.0461289
69058250,AM,Manaus,-3.062263,-59.9999746
69055742,AM,Manaus,-3.0291668,-59.9397053
69057065,AM,Manaus,-3.0911604,-59.9992502
69072055,AM,Manaus,-3.147864,-59.9895895
69094600,AM,Manaus,-3.033498,-59.965225
69075150,AM,Manaus,-2.9795679,-60.009744
69060000,AM,Manaus,-3.1050842,-60.0058967
69041000,AM,Manaus,-3.0364502,-60.0247194
69018600,AM,Manaus,-2.9660398,-59.9919216
69057078,AM,Manaus,-3.0911093,-60.0035415
69054691,AM,Manaus,-3.073759,-60.0050098
69058045,AM,Manaus,-3.0614638,-60.0009621
69065020,AM,Manaus,-3.1176148,-59.9835439
69054723,AM,Manaus,-3.0700261,-60.0050464
69045260,AM,Manaus,-3.0713063,-60.0485831
69045005,AM,Manaus,-3.0653903,-60.0354312
69040710,AM,Manaus,-3.0579839,-59.99025
69022494,AM,Manaus,-2.9840115,-60.0651207
69053580,AM,Manaus,-3.1073425,-60.017861
69038010,AM,Manaus,-3.0711603,-60.0601212
69057070,AM,Manaus,-3.1123158,-60.0133524
69019600,AM,Manaus,-2.9474928,-60.0289156
69059140,AM,Manaus,-2.9858433,-60.0055008
69027320,AM,Manaus,-3.1222705,-60.0342797
69005010,AM,Manaus,-3.1409748,-60.0218253
69057450,AM,Manaus,-3.0890176,-60.0172734
69020440,AM,Manaus,-3.1225283,-60.0107741
69090010,AM,Manaus,-3.0415466,-59.9826635
69010160,AM,Manaus,-3.1251325,-60.0267682
69047481,AM,Manaus,-3.0518133,-60.0454538
69033000,AM,Manaus,-3.0967785,-60.0495059
69025030,AM,Manaus,-3.12459,-60.0247912
69055090,AM,Manaus,-3.0877522,-60.0125356
69025290,AM,Manaus,-3.1169948,-60.0298054
69020490,AM,Manaus,-3.123255,-60.0149366
69050520,AM,Manaus,-3.0888751,-60.0227298
69065090,AM,Manaus,-3.1261766,-60.0022408
69050020,AM,Manaus,-3.0934655,-60.0320167
69010020,AM,Manaus,-3.1323726,-60.0250505
69057035,AM,Manaus,-3.1152578,-60.0310845
69010250,AM,Manaus,-3.13075,-60.0214923
69042210,AM,Manaus,-3.0048193,-60.0058067
69090040,AM,Manaus,-3.0320752,-59.9851157
69050900,AM,Manaus,-3.0934967,-60.0240974
69075000,AM,Manaus,-3.0073845,-60.0188145
69063330,AM,Manaus,-3.1202769,-59.9958041
69028314,AM,Manaus,-3.0543025,-60.0130637
69035000,,,,
69055170,AM,Manaus,-3.0291668,-59.9397053
69057021,AM,Manaus,-3.114829,-60.0106346
69055011,AM,Manaus,-3.0842937,-60.0148354
69048000,AM,Manaus,-3.0626104,-60.0291096
69029060,AM,Manaus,-3.116009,-60.0418549
69055460,AM,Manaus,-3.0795555,-60.0106851
69020000,AM,Manaus,-3.123255,-60.0149366
69090470,AM,Manaus,-3.0375195,-59.9947435
69005290,AM,Manaus,-3.1355961,-60.0239802
69042000,AM,Manaus,-3.0808326,-60.0576662
69094170,AM,Manaus,-3.0415466,-59.9826635
69086531,AM,Manaus,-3.0547387,-59.9657856
69045100,AM,Manaus,-3.069141,-60.0480892
69090100,AM,Manaus,-3.059715,-59.9331964
69050060,AM,Manaus,-3.1251325,-60.0267682
69020255,AM,Manaus,-3.1210234,-60.0142134
69088754,AM,Manaus,-3.0351482,-59.9333413
69093260,AM,Manaus,-3.0424407,-60.01018
69050570,AM,Manaus,-3.1251325,-60.0267682
69036160,AM,Manaus,-3.1001078,-60.0597017
69030000,AM,Manaus,-3.1007423,-60.0537522
69044000,AM,Manaus,-3.0700577,-60.0556873
69040040,AM,Manaus,-3.0796084,-60.0454272
69073040,AM,Manaus,-3.1353278,-59.9976788
69087641,AM,Manaus,-3.0570517,-59.9395773
69090002,AM,Manaus,-3.0444478,-60.0125252
69010900,AM,Manaus,-3.1324622,-60.024117
69055021,AM,Manaus,-3.0821914,-60.0064289
69005200,AM,Manaus,-3.0295547,-59.9543886
69028000,AM,Manaus,-3.023108,-60.0661549
69073175,AM,Manaus,-3.128669,-60.0070958
69020060,AM,Manaus,-3.1188528,-60.0167011
69055130,AM,Manaus,-3.0291668,-59.9397053
69057083,AM,Manaus,-3.092703,-60.0048081
69015358,AM,Manaus,-3.0203863,-60.0166829
69075030,AM,Manaus,-2.9664631,-60.0101552
69015271,AM,Manaus,-3.0203863,-60.0166829
69041400,AM,Manaus,-3.0037224,-60.0452082
69072080,AM,Manaus,-3.147864,-59.9895895
69010060,AM,Manaus,-3.0122854,-59.9274614
69099387,AM,Manaus,-3.0199135,-59.9541824
69090312,AM,Manaus,-3.028649,-60.0068092
69050080,AM,Manaus,-3.1251325,-60.0267682
69088561,AM,Manaus,-3.0351482,-59.9333413
69045000,AM,Manaus,-3.0669498,-60.0465836
69045600,AM,Manaus,-3.0625185,-60.0552687
69073270,AM,Manaus,-3.0941855,-59.9872478
69035351,AM,Manaus,-3.1008357,-60.0693707
69036115,AM,Manaus,-3.0983698,-60.0498836
69099210,AM,Manaus,-3.0416054,-59.9501761
69059420,AM,Manaus,-3.0843467,-60.0569755
69042021,AM,Manaus,-3.0808326,-60.0576662
69083270,AM,Manaus,-3.044373,-59.93685
69099000,AM,Manaus,-3.0452708,-59.9448912
69099724,AM,Manaus,-3.0442761,-59.9564548
69053040,AM,Manaus,-3.1064849,-60.018668
69053035,AM,Manaus,-3.0997518,-60.0157921
69065180,AM,Manaus,-3.1280337,-60.0033499
69082653,AM,Manaus,-3.0028199,-60.0373119
69097327,AM,Manaus,-3.0013185,-59.971239
69097525,AM,Manaus,-2.9900816,-59.9830787
69042050,AM,Manaus,-3.0772017,-60.0408983
69088590,AM,Manaus,-3.0351482,-59.9333413
69053350,AM,Manaus,-3.1152578,-60.0310845
69060250,AM,Manaus,-3.0984616,-59.9998028
69050030,AM,Manaus,-3.0890176,-60.0172734
69068000,AM,Manaus,-3.1176148,-59.9835439
69057300,AM,Manaus,-3.0947976,-60.0100771
69021115,,,,
69017321,AM,Manaus,-2.9790607,-59.9903324
69050200,AM,Manaus,-3.0899718,-60.0199086
69015647,AM,Manaus,-3.0039465,-60.0157487
69017020,AM,Manaus,-2.9810669,-59.9888436
69018442,AM,Manaus,-2.9680765,-60.0110065
69050240,AM,Manaus,-3.0891432,-60.0202696
69084442,AM,Manaus,-3.0071385,-60.0091319
69053590,AM,Manaus,-3.1045551,-60.0184621
69078000,AM,Manaus,-3.1176148,-59.9835439
69005240,AM,Manaus,-3.116964,-59.9827247
69020190,AM,Manaus,-3.1203631,-60.0200143
69057220,AM,Manaus,-3.0981858,-60.0200074
69098362,AM,Manaus,-3.0603858,-59.9675517
69074760,AM,Manaus,-3.139382,-60.0001302
69077080,AM,Manaus,-3.0941855,-59.9872478
69086011,AM,Manaus,-3.0626395,-59.9502146
69021005,AM,Manaus,-3.0035557,-60.041218
69033180,AM,Manaus,-3.0967785,-60.0495059
69025070,AM,Manaus,-3.1152578,-60.0310845
69075305,AM,Manaus,-3.1148998,-59.941171
69041260,AM,Manaus,-3.0364502,-60.0247194
69059634,AM,Manaus,-2.9907371,-60.0192148
69009150,AM,Manaus,-3.0636551,-59.873952
69020160,AM,Manaus,-3.1225438,-60.0179415
69085250,AM,Manaus,-3.0709842,-59.9469215
69018562,AM,Manaus,-2.9681679,-59.9974264
69041010,AM,Manaus,-2.9838521,-60.0511359
69015613,AM,Manaus,-3.0203863,-60.0166829
69098032,AM,Manaus,-3.0514954,-59.973235
69057091,AM,Manaus,-3.0911284,-60.0066159
69045540,AM,Manaus,-3.0629311,-59.9305171
69057750,AM,Manaus,-3.0890176,-60.0172734
69088599,AM,Manaus,-3.0097505,-59.9433152
69098320,AM,Manaus,-3.0522843,-59.9645248
69042070,AM,Manaus,-3.0781057,-60.0473323
69086406,AM,Manaus,-3.0728358,-59.9371457
69043660,AM,Manaus,-3.0786894,-60.0349017
69043040,AM,Manaus,-3.0760397,-60.0367258
69097127,AM,Manaus,-3.018122,-59.9655981
69090000,AM,Manaus,-3.0320752,-59.9851157
69060550,AM,Manaus,-3.0895307,-60.0002529
69099270,AM,Manaus,-3.0402561,-59.9544199
69036530,AM,Manaus,-3.0904895,-60.0654803
69020050,AM,Manaus,-3.1315669,-60.0106259
69017192,AM,Manaus,-3.0267702,-59.9247552
69010972,AM,Manaus,-3.0801099,-59.8801581
69010901,AM,Manaus,-3.1324622,-60.024117
69028230,AM,Manaus,-3.048107,-60.0029075
69060030,AM,Manaus,-3.817592,-60.3555342
69055600,AM,Manaus,-3.0785994,-60.0143551
69036710,AM,Manaus,-3.0992654,-60.0533893
69043010,AM,Manaus,-3.0805385,-60.0417866
69005180,AM,Manaus,-3.1388416,-60.0210241
69093570,AM,Manaus,-3.0356843,-60.0012749
69097224,AM,Manaus,-3.0055466,-59.9800649
69080000,AM,Manaus,-3.0937703,-59.9841531
69099026,AM,Manaus,-3.0357547,-59.9444161
69045200,AM,Manaus,-3.0676107,-60.051956
69017100,AM,Manaus,-2.9994125,-59.9937632
69020110,AM,Manaus,-3.123255,-60.0149366
69085130,AM,Manaus,-3.0607187,-59.9496382
69030665,AM,Manaus,-3.1127045,-60.0385084
69055270,AM,Manaus,-3.0851558,-60.0140459
69040690,AM,Manaus,-3.0853074,-60.0435785
69090767,AM,Manaus,-3.0199191,-59.992328
69060601,AM,Manaus,-3.1025332,-60.0063476
69043050,AM,Manaus,-3.0784409,-60.037672
69036535,AM,Manaus,-3.098559,-60.0666679
69035210,AM,Manaus,-3.1069851,-60.0546861
69077620,AM,Manaus,-3.1098608,-59.972741
69079020,AM,Manaus,-3.1158606,-60.0043228
69085015,AM,Manaus,-3.09585,-59.9062674
69075715,AM,Manaus,-3.1052028,-59.973668
69280000,AM,Manicoré,-5.804618,-61.289483
69490000,AM,Maraã,-1.8535579,-65.5897749
69190000,AM,Maués,-3.3795798,-57.7196072
69140000,AM,Nhamundá,-2.1921521,-56.7111308
69230000,AM,Nova Olinda do Norte,-3.8926889,-59.0953046
69730000,AM,Novo Airão,-2.6260236,-60.9434406
69260000,AM,Novo Aripuanã,-5.125929,-60.373179
69151456,AM,Parintins,-2.6272323,-56.7352633
69157899,,,,
69151415,AM,Parintins,-2.6330587,-56.7360244
69151160,AM,Parintins,-2.6272323,-56.7352633
69151030,AM,Parintins,-2.6251194,-56.7353179
69151020,AM,Parintins,-2.6262576,-56.7359992
69151065,AM,Parintins,-2.6272323,-56.7352633
69152470,AM,Parintins,-2.6569412,-56.7691449
69152035,AM,Parintins,-2.6426462,-56.741219
69151000,AM,Parintins,-2.6272323,-56.7352633
69151070,AM,Parintins,-2.6245029,-56.7294792
69152020,AM,Parintins,-2.645726,-56.7459599
69153160,AM,Parintins,-2.6307921,-56.7300839
69153040,AM,Parintins,-2.6321882,-56.7309996
69152057,AM,Parintins,-2.6456412,-56.7425778
69151585,AM,Parintins,-2.6344561,-56.7469915
69151090,AM,Parintins,-2.6296243,-56.7307035
69153010,AM,Parintins,-2.6307921,-56.7300839
69152053,AM,Parintins,-2.6447226,-56.7384661
69153380,AM,Parintins,-2.6367435,-56.7378661
69153180,AM,Parintins,-2.6338312,-56.7301566
69152175,AM,Parintins,-2.6482051,-56.7443927
69151271,AM,Parintins,-2.6272323,-56.7352633
69151060,AM,Parintins,-2.6328181,-56.7374144
69151210,AM,Parintins,-2.6251194,-56.7311392
69152240,AM,Parintins,-2.6574287,-56.7495542
69152390,AM,Parintins,-2.6393217,-56.7504049
69151200,AM,Parintins,-2.6289968,-56.7327274
69151450,AM,Parintins,-2.6304423,-56.7318218
69151425,AM,Parintins,-2.6351966,-56.7392484
69151130,AM,Parintins,-2.6316988,-56.7427579
69860000,AM,Pauini,-7.7122214,-66.9998441
69735000,AM,Presidente Figueiredo,-2.0486359,-60.0236658
69736000,AM,Presidente Figueiredo,-2.0486359,-60.0236658
69117000,AM,Rio Preto da Eva,-2.6990647,-59.7012494
69740000,AM,Santa Isabel do Rio Negro,-0.4160389,-65.0153096
69680000,AM,Santo Antônio do Içá,-3.095443,-67.946279
69750000,AM,São Gabriel da Cachoeira,-0.1249715,-67.0813855
69790000,AM,São Gabriel da Cachoeira,-0.1249715,-67.0813855
69600000,AM,São Paulo de Olivença,-3.4650627,-68.9468462
69135000,AM,São Sebastião do Uatumã,-2.5719341,-57.8703616
69114000,AM,Silves,37.2639826,-8.3487311
69640000,AM,Tabatinga,-21.7373768,-48.6880522
69480000,AM,Tapauá,-5.6232283,-63.1879157
69553125,AM,Tefé,-3.3525414,-64.7290688
69550405,AM,Tefé,-3.3429544,-64.6947032
69550049,AM,Tefé,-3.3443328,-64.6998548
69550097,AM,Tefé,-3.3485362,-64.7066957
69550029,,,,
69550005,AM,Tefé,-3.3441259,-64.7060055
69550137,AM,Tefé,-3.3489707,-64.7069701
69558899,,,,
69553325,AM,Tefé,-3.35885,-64.7266271
69550133,AM,Tefé,-3.3492241,-64.7075268
69557210,AM,Tefé,-3.3562659,-64.7155258
69550081,AM,Tefé,-3.3474755,-64.7066557
69552120,AM,Tefé,-3.3500317,-64.7145985
69557025,AM,Tefé,-3.3505058,-64.7094732
69553100,AM,Tefé,-3.3525414,-64.7290688
69553030,AM,Tefé,-3.3568636,-64.7202582
69550171,AM,Tefé,-3.3492241,-64.7075268
69550045,AM,Tefé,-3.3485362,-64.7066957
69552105,AM,Tefé,-3.3512631,-64.7136779
69550073,AM,Tefé,-3.346977,-64.7065221
69550246,AM,Tefé,-3.3510143,-64.7067102
69552290,AM,Tefé,-3.3473749,-64.7167979
69559000,AM,Tefé,-3.3485276,-64.7102278
69685000,AM,Tonantins,-2.86261,-67.7735482
69530000,AM,Uarini,-2.9827061,-65.1578615
69130000,AM,Urucará,-2.537073,-57.7590254
69180000,AM,Urucurituba,-3.1304332,-58.1549157
69029070,AM,Manaus,-3.1178337,-60.0431117
69085286,AM,Manaus,-3.0638694,-59.9598066
69025310,AM,Manaus,-3.1158974,-60.0254516
69053010,AM,Manaus,-3.1092583,-60.0193779
69063190,AM,Manaus,-3.1183275,-59.9948187
69057081,AM,Manaus,-3.0915989,-60.00398
69055030,AM,Manaus,-3.0890176,-60.0172734
69058090,AM,Manaus,-3.0635814,-59.9966277
69058750,AM,Manaus,-3.0622683,-60.0047457
69058840,AM,Manaus,-3.0670886,-60.0214534
69101053,AM,Itacoatiara,-3.1412,-58.4464349
69400440,AM,Manacapuru,-3.2957718,-60.6232998
69058420,AM,Manaus,-3.0466538,-59.9915276
69053630,AM,Manaus,-3.0230606,-59.9423628
69053150,AM,Manaus,-3.0934967,-60.0240974
69058793,,,,
69075140,AM,Manaus,-3.1317656,-59.9848366
69057615,AM,Manaus,-3.1009023,-60.0091658
69065390,AM,Manaus,-3.1279462,-60.0063246
69299800,AM,Manicoré,-5.804618,-61.289483
69104152,AM,Itacoatiara,-3.1462533,-58.4485698
69103052,AM,Itacoatiara,-3.1349929,-58.4394935
69090717,AM,Manaus,-3.0102898,-60.0159127
69043120,AM,Manaus,-3.0075041,-60.0154939
69049621,AM,Manaus,-3.0479551,-59.9397768
69015318,AM,Manaus,-3.0385289,-59.9548759
69040080,AM,Manaus,-3.0894777,-60.0326618
69053600,AM,Manaus,-3.1040854,-60.0174659
69058280,AM,Manaus,-3.0526087,-59.9938508
69079130,AM,Manaus,-3.1145576,-60.0151415
69053575,AM,Manaus,-3.0765221,-59.8847567
69055755,AM,Manaus,-3.0824694,-60.0151125
69094000,AM,Manaus,-3.0415466,-59.9826635
69060069,AM,Manaus,-3.0935029,-59.991486
69060094,AM,Manaus,-3.0939193,-59.9967625
69057062,AM,Manaus,-3.0907778,-60.0014234
69151080,AM,Parintins,-3.1120674,-58.4260855
69450970,AM,Codajás,-3.8423299,-62.0571175
69098125,AM,Manaus,-3.0632766,-59.9645642
69095178,AM,Manaus,-3.0268077,-59.9778959
69060086,AM,Manaus,-3.096972,-59.9927107
69093129,AM,Manaus,-3.0065017,-59.9928384
69040280,AM,Manaus,-3.0931746,-60.0379058
69057770,AM,Manaus,-3.0952637,-60.0056734
69054664,AM,Manaus,-3.0762871,-59.9980265
69043170,AM,Manaus,-3.0772017,-60.0408983
69025170,AM,Manaus,-3.1204073,-60.0288628
69078242,AM,Manaus,-3.1176148,-59.9835439
69086622,AM,Manaus,-3.0634662,-59.9555712
69099158,AM,Manaus,-3.0452708,-59.9448912
69083260,AM,Manaus,-3.0770459,-59.9772261
69067375,AM,Manaus,-3.1050842,-60.0058967
69053578,AM,Manaus,-3.107304,-60.0184012
69048322,AM,Manaus,-3.064125,-60.0374875
69037585,AM,Manaus,-3.0811533,-60.0570752
69042060,AM,Manaus,-3.0776415,-60.0473966
69040390,AM,Manaus,-3.0665638,-59.9298678
69040150,AM,Manaus,-3.0855802,-60.0385097
69055370,AM,Manaus,-3.0831911,-60.0118503
69036680,AM,Manaus,-3.0992654,-60.0533893
69053520,AM,Manaus,-3.1031533,-60.0219526
69055360,AM,Manaus,-3.0835615,-60.0117197
69402241,AM,Manacapuru,-3.280856,-60.6431118
69054238,AM,Manaus,-3.0712699,-59.9887636
69090772,AM,Manaus,-3.0233941,-60.0006863
69063390,AM,Manaus,-3.1201373,-60.0032588
69400502,AM,Manacapuru,-3.2933,-60.6197858
69090741,AM,Manaus,-3.0356843,-60.0012749
69060065,AM,Manaus,-3.0957454,-59.9920664
69060063,AM,Manaus,-3.0947644,-59.9931571
69045310,AM,Manaus,-3.0669498,-60.0465836
69036720,AM,Manaus,-3.0992654,-60.0533893
69065060,AM,Manaus,-3.1317903,-60.0023389
69101095,AM,Itacoatiara,-3.1319092,-58.4450312
69400262,AM,Manacapuru,-3.3021721,-60.6221068
69040410,AM,Manaus,-3.0926928,-60.0431097
69095130,AM,Manaus,-3.0320752,-59.9851157
69029320,AM,Manaus,-3.0852488,-59.9797932
69401269,AM,Manacapuru,-3.2936873,-60.6314367
69097287,AM,Manaus,-3.0063258,-59.9719443
69074510,AM,Manaus,-3.1393052,-60.0039109
69027010,AM,Manaus,-3.0858658,-60.0579824
69054070,AM,Manaus,-3.0769466,-60.0074374
69153367,AM,Parintins,-2.638605,-56.7370113
